{"post":[{"Name":"Sonu","Email":"abc@gmail.com","Waste":"Dry Waste","Lat":"12.9420036","Lang":"77.6083044"},{"Name":"hema","Email":"hemainjnc@gmial.com","Waste":"Dry Waste","Lat":"","Lang":""},{"Name":"Krishna Murthy A","Email":"krishnaven@gmail.com","Waste":"Wet Waste","Lat":"13.0874193","Lang":"77.4110064"},{"Name":"Prasanth","Email":"pra@gmail.com","Waste":"Wet Waste","Lat":"12.9420036","Lang":"77.6083044"},{"Name":"Sai Krishna","Email":"sai@gmail.com","Waste":"E-Waste","Lat":"13.0730023","Lang":"77.7966975"},{"Name":"Srinivas","Email":"sri@gmail.com","Waste":"Dry Waste","Lat":"12.8983601","Lang":"77.6179465"}]}